언론사,기사제목
한겨레,국민 14% “상황 따라 독재가 낫다”…국힘 지지층선 23.7%
MBC,"국민의힘 선대위, '5.18 유혈 진압' 정호용 상임고문 임명했다 취소"
KBS,"“김문수는 24평 아파트, 사회복지사 딸” 서병수 찬조연설 [이런뉴스]"
연합뉴스TV,'전원일기 일용이' 박은수 수천만원 사기혐의 피소당해
지디넷코리아,"""여름철 모기 걱정 뚝""…레이저 모기 추적기 화제"
한국경제,"""차라리 노무현 따라 민주당 갔다면""…홍준표 또 작심 토로"
채널A,"[단독]“尹, 탈당 요구하면 받아들일 듯”"
동아일보,[단독]장예찬 오늘 복당…친한계 “尹과 거리 둔다더니” 반발
중앙일보,"'더러워 올림픽 취소 굴욕' 파리 센강…""100년 만에 수영한다"""
한국일보,9개월간 맥도날드서 공짜 식사한 청년… '사기 공범'은 챗GPT
조선일보,이경실 소유 용산구 89평 아파트 경매에 나왔다…무슨 일?
조선비즈,[단독] 8년 전 이재명 테마주로 재미봤던 세력… 이번엔 상지건설 연루 의혹
